Product,Part Prefix,5k Pricing,Class B Safety Library,CPU,FPU,Architecture,CPU Speed Max MHz (megahertz),Program Memory size (KB),RAM KB (kilobyte),Data EEPROM (bytes),Direct Memory Access (DMA) Channels,ADC Channels,ADC Resolution (bits),Number of DACs,DAC Resolution (Bits),USB,Number of USB Modules,Number of Comparators,Motor Control PWM Outputs,Number of Op Amps,Low Power,QSPI,Quadrature Encoder Interface,Crypto Engine,Hardware Touch Peripheral,Type of CAN module,CAN/CAN-FD,Ethernet,Pincount,Packages,Vbat/Vddbu battery backup,Peripheral Pin Select / Pin Muxing,Auxiliary Flash (KB),External Memory Bus Interface,SDIO/SD-CARD/eMMC,Segmented LCD (# of segments),Graphics Controller/GPU
PIC32MX110F016B,PIC32MX,1.91,,32-bit MIPS MCU,No,32,40,16,4,0,4,10,10,0,0,None,0,3,0,0,No,0,0,No,,None,0,None,28,"28\QFN,28\SOIC,28\SPDIP,28\SSOP",No,Yes,3,No,0,0,No
PIC32MX210F016B,PIC32MX,2.06,,32-bit MIPS MCU,No,32,40,16,4,0,4,9,10,0,0,FS Device,1,3,0,0,No,0,0,No,,None,0,None,28,"28\QFN,28\SOIC,28\SPDIP,28\SSOP",No,Yes,3,No,0,0,No
PIC32MX120F032B,PIC32MX,2.17,,32-bit MIPS MCU,No,32,50,32,4,0,4,10,10,0,0,None,0,3,0,0,No,0,0,No,,None,0,None,28,"28\QFN,28\SOIC,28\SPDIP,28\SSOP",No,Yes,3,No,0,0,No
PIC32MX110F016D,PIC32MX,2.23,,32-bit MIPS MCU,No,32,40,16,4,0,4,13,10,0,0,None,0,3,0,0,No,0,0,No,,None,0,None,44,44\QFN44\TQFP,No,Yes,3,No,0,0,No
PIC32MX220F032B,PIC32MX,2.33,,32-bit MIPS MCU,No,32,50,32,8,0,4,9,10,0,0,FS Device,1,3,0,0,No,0,0,No,,None,0,None,28,"28\QFN,28\SOIC,28\SPDIP,28\SSOP",No,Yes,3,No,0,0,No
PIC32MX210F016D,PIC32MX,2.37,,32-bit MIPS MCU,No,32,40,16,4,0,4,13,10,0,0,FS Device,1,3,0,0,No,0,0,No,,None,0,None,44,44\QFN44\TQFP,No,Yes,3,No,0,0,No
PIC32MX130F064B,PIC32MX,2.46,,32-bit MIPS MCU,No,32,40,64,16,0,4,10,10,0,0,None,0,3,0,0,No,0,0,No,,None,0,None,28,"28\QFN,28\SOIC,28\SPDIP,28\SSOP",No,Yes,3,No,0,0,No
PIC32MX120F032D,PIC32MX,2.49,,32-bit MIPS MCU,No,32,50,32,8,0,4,13,10,0,0,None,0,3,0,0,No,0,0,No,,None,0,None,44,44\QFN44\TQFP,No,Yes,3,No,0,0,No
PIC32MX220F032D,PIC32MX,2.63,,32-bit MIPS MCU,No,32,50,32,8,0,4,13,10,0,0,FS Device,1,3,0,0,No,0,0,No,,None,0,None,44,44\QFN44\TQFP,No,Yes,3,No,0,0,No
PIC32MX130F256B,PIC32MX,2.72,,32-bit MIPS MCU,No,32,50,256,16,0,4,10,10,0,0,None,0,3,0,0,No,0,0,No,,None,0,None,28,28\SPDIP28\SSOP28\VQFN,No,Yes,3,No,0,0,No
PIC32MX130F064D,PIC32MX,2.74,,32-bit MIPS MCU,No,32,40,64,16,0,4,13,10,0,0,None,0,3,0,0,No,0,0,No,,None,0,None,44,"44\QFN,44\TQFP",No,Yes,3,No,0,0,No
PIC32MX230F064B,PIC32MX,2.74,,32-bit MIPS MCU,No,32,40,64,16,0,4,9,10,0,0,FS Device/Host/OTG,1,3,0,0,No,0,0,No,,None,0,None,28,"28\QFN,28\SOIC,28\SPDIP,28\SSOP",No,Yes,3,No,0,0,No
PIC32MX120F064H,PIC32MX,2.93,,32-bit MIPS MCU,No,32,50,64,8,0,4,28,10,0,0,None,0,3,0,0,No,0,0,No,None,None,0,None,64,"64\QFN,64\TQFP",No,Yes,3,No,0,0,No
PIC32MX130F256D,PIC32MX,2.96,,32-bit MIPS MCU,No,32,50,256,16,0,4,13,10,0,0,None,0,3,0,0,No,0,0,No,,None,0,None,44,44\QFN44\TQFP,No,Yes,3,No,0,0,No
PIC32MX130F128H,PIC32MX,2.99,,32-bit MIPS MCU,No,32,50,128,16,0,4,28,10,0,0,None,0,3,0,0,No,0,0,No,,None,0,None,64,"64\QFN,64\TQFP",No,Yes,3,No,0,0,No
PIC32MX230F256B,PIC32MX,3,,32-bit MIPS MCU,No,32,50,256,16,0,6,9,10,0,0,Full Speed,1,3,0,0,No,0,0,No,,None,0,None,28,28\SPDIP28\SSOP28\VQFN,No,Yes,3,No,0,0,No
PIC32MX230F064D,PIC32MX,3.02,,32-bit MIPS MCU,No,32,40,64,16,0,4,13,10,0,0,FS Device/Host/OTG,1,3,0,0,No,0,0,No,,None,0,None,44,44\QFN44\TQFP,No,Yes,3,No,0,0,No
PIC32MX150F128B,PIC32MX,3.14,,32-bit MIPS MCU,No,32,50,128,32,0,4,10,10,0,0,None,0,3,0,0,No,0,0,No,,None,0,None,28,"28\QFN,28\SOIC,28\SPDIP,28\SSOP",No,Yes,3,No,0,0,No
PIC32MX230F128H,PIC32MX,3.19,,32-bit MIPS MCU,No,32,50,128,16,0,6,28,10,0,0,FS Device/Host/OTG,1,3,0,0,No,0,0,No,,None,0,None,64,"64\QFN,64\TQFP",No,Yes,3,No,0,0,No
PIC32MX230F256D,PIC32MX,3.24,,32-bit MIPS MCU,No,32,50,256,16,0,6,13,10,0,0,Full Speed,1,3,0,0,No,0,0,No,,None,0,None,44,44\QFN44\TQFP,No,Yes,3,No,0,0,No
PIC32MX330F064H,PIC32MX,3.33,,32-bit MIPS MCU,No,32,120,64,16,0,4,28,10,0,0,None,0,2,0,0,No,0,0,No,None,None,0,None,64,64\QFN64\TQFP,No,Yes,12,No,0,0,No
PIC32MX530F128H,PIC32MX,3.36,,32-bit MIPS MCU,No,32,50,128,16,0,8,28,10,0,0,FS Device/Host/OTG,1,3,0,0,No,0,0,No,,CAN,1,None,64,"64\QFN,64\TQFP",No,Yes,3,No,0,0,No
PIC32MX150F128D,PIC32MX,3.43,,32-bit MIPS MCU,No,32,50,128,64,0,4,13,10,0,0,None,0,3,0,0,No,0,0,No,,None,0,None,44,"44\QFN,44\TQFP",No,Yes,3,No,0,0,No
PIC32MX170F256B,PIC32MX,3.47,,32-bit MIPS MCU,No,32,50,256,64,0,4,10,10,0,0,None,0,3,0,0,No,0,0,No,,None,0,None,28,28\SOIC28\SPDIP28\SSOP28\VQFN,No,Yes,3,No,0,0,No
PIC32MX150F256H,PIC32MX,3.48,,32-bit MIPS MCU,No,32,50,256,32,0,4,28,10,0,0,None,0,3,0,0,No,0,0,No,,None,0,None,64,"64\QFN,64\TQFP",No,Yes,3,No,0,0,No
PIC32MX430F064H,PIC32MX,3.53,,32-bit MIPS MCU,No,32,120,64,16,0,4,28,10,0,0,FS Device/Host/OTG,1,2,0,0,No,0,0,No,None,None,0,None,64,64\QFN64\TQFP,No,Yes,12,No,0,0,No
PIC32MX250F128B,PIC32MX,3.53,,32-bit MIPS MCU,No,32,50,128,32,0,4,9,10,0,0,FS Device/Host/OTG,1,3,0,0,No,0,0,No,,None,0,None,28,"28\QFN,28\SOIC,28\SPDIP,28\SSOP",No,Yes,3,No,0,0,No
PIC32MX130F128L,PIC32MX,3.59,,32-bit MIPS MCU,No,32,50,128,16,0,4,48,10,0,0,None,0,3,0,0,No,0,0,No,,None,0,None,100,100\TQFP,No,Yes,3,No,0,0,No
PIC32MX250F256H,PIC32MX,3.68,,32-bit MIPS MCU,No,32,50,256,32,0,6,28,10,0,0,FS Device/Host/OTG,1,3,0,0,No,0,0,No,,None,0,None,64,"64\QFN,64\TQFP",No,Yes,3,No,0,0,No
PIC32MX270F256B,PIC32MX,3.76,,32-bit MIPS MCU,No,32,50,256,64,0,6,9,10,0,0,FS Device/Host/OTG,1,3,0,0,No,0,0,No,,None,0,None,28,28\SOIC28\SPDIP28\SSOP28\VQFN,No,Yes,3,No,0,0,No
PIC32MX170F256D,PIC32MX,3.76,,32-bit MIPS MCU,No,32,50,256,64,0,4,13,10,0,0,None,0,3,0,0,No,0,0,No,,None,0,None,44,44\QFN44\TQFP,No,Yes,3,No,0,0,No
PIC32MX350F128H,PIC32MX,3.77,,32-bit MIPS MCU,No,32,120,128,32,0,4,28,10,0,0,None,0,2,0,0,No,0,0,No,None,None,0,None,64,"64\QFN,64\TQFP",No,Yes,12,No,0,0,No
PIC32MX154F128B,PIC32MX,3.77,,32-Bit MIPS MCU,No,32,72,128,32,0,6,10,10,0,0,None,0,3,0,0,Yes,,0,No,CTMU,None,0,None,28,"28\QFN-S,28\SOIC",No,Yes,12,No,,0,No
PIC32MX230F128L,PIC32MX,3.79,,32-bit MIPS MCU,No,32,50,128,16,0,6,48,10,0,0,FS Device/Host/OTG,1,3,0,0,No,0,0,No,,None,0,None,100,100\TQFP,No,Yes,3,No,0,0,No
PIC32MX250F128D,PIC32MX,3.8,,32-bit MIPS MCU,No,32,50,128,32,0,4,13,10,0,0,FS Device/Host/OTG,1,3,0,0,No,0,0,No,,None,0,None,44,44\QFN44\TQFP,No,Yes,3,No,0,0,No
PIC32MX550F256H,PIC32MX,3.85,,32-bit MIPS MCU,No,32,50,256,32,0,8,28,10,0,0,FS Device/Host/OTG,1,3,0,0,No,0,0,No,,CAN,1,None,64,"64\QFN,64\TQFP",No,Yes,3,No,0,0,No
PIC32MX330F064L,PIC32MX,3.87,,32-bit MIPS MCU,No,32,120,64,16,0,4,28,10,0,0,None,0,2,0,0,No,0,0,No,None,None,0,None,100,100\TQFP,No,Yes,12,No,0,0,No
PIC32MX450F128H,PIC32MX,3.96,,32-bit MIPS MCU,No,32,120,128,32,0,4,28,10,0,0,FS Device/Host/OTG,1,2,0,0,No,0,0,No,None,None,0,None,64,"64\QFN,64\TQFP",No,Yes,12,No,0,0,No
PIC32MX530F128L,PIC32MX,3.99,,32-bit MIPS MCU,No,32,50,128,16,0,8,48,10,0,0,FS Device/Host/OTG,1,3,0,0,No,0,0,No,,CAN,1,None,100,100\TQFP,No,Yes,3,No,0,0,No
PIC32MX174F256B,PIC32MX,4,,32-Bit MIPS MCU,No,32,72,256,64,0,6,10,10,0,0,None,0,3,0,0,Yes,,0,No,CTMU,,0,None,28,28\QFN-S28\SOIC,No,Yes,12,No,,0,No
PIC32MX534F064H,PIC32MX,4,,32-bit MIPS MCU,No,32,80,64,16,0,4,16,10,0,0,FS Device/Host/OTG,1,2,0,0,No,0,0,No,,CAN,1,None,64,"64\QFN,64\TQFP",No,No,12,No,0,0,No
PIC32MX154F128D,PIC32MX,4.01,,32-Bit MIPS MCU,No,32,72,128,32,0,6,13,10,0,0,None,0,3,0,0,Yes,,0,No,CTMU,,0,None,44,"44\QFN,44\TQFP",No,Yes,12,No,,0,No
PIC32MX270F256D,PIC32MX,4.03,,32-bit MIPS MCU,No,32,50,256,64,0,6,13,10,0,0,FS Device/Host/OTG,1,3,0,0,No,0,0,No,,None,0,None,44,44\QFN44\TQFP,No,Yes,3,No,0,0,No
PIC32MX430F064L,PIC32MX,4.05,,32-bit MIPS MCU,No,32,120,64,16,0,4,28,10,0,0,FS Device/Host/OTG,1,2,0,0,No,0,0,No,None,None,0,None,100,100\TQFP,No,Yes,12,No,0,0,No
PIC32MX254F128B,PIC32MX,4.05,,32-Bit MIPS MCU,No,32,72,128,32,0,6,9,10,0,0,Full Speed,1,3,0,0,Yes,,0,No,CTMU,,0,None,28,"28\QFN-S,28\SOIC",No,Yes,12,No,,0,No
PIC32MX150F256L,PIC32MX,4.08,,32-bit MIPS MCU,No,32,50,256,32,0,4,48,10,0,0,None,0,3,0,0,No,0,0,No,,None,0,None,100,100\TQFP,No,Yes,3,No,0,0,No
PIC32MX320F032H,PIC32MX,4.19,,32-bit MIPS MCU,No,32,40,32,8,0,0,16,10,0,0,None,0,2,0,0,No,0,0,No,,None,0,None,64,"64\QFN,64\TQFP",No,No,12,No,0,0,No
PIC32MX564F064H,PIC32MX,4.23,,32-bit MIPS MCU,No,32,80,64,16,0,4,16,10,0,0,FS Device/Host/OTG,1,2,0,0,No,0,0,No,,CAN,1,None,64,"64\QFN,64\TQFP",No,No,12,No,0,0,No
PIC32MX174F256D,PIC32MX,4.24,,32-Bit MIPS MCU,No,32,72,256,64,0,6,13,10,0,0,None,0,3,0,0,Yes,,0,No,CTMU,,0,None,44,"44\QFN,44\TQFP",No,Yes,12,No,,0,No
PIC32MX250F256L,PIC32MX,4.28,,32-bit MIPS MCU,No,32,50,256,32,0,6,48,10,0,0,FS Device/Host/OTG,1,3,0,0,No,0,0,No,,None,0,None,100,100\TQFP,No,Yes,3,No,0,0,No
PIC32MX274F256B,PIC32MX,4.28,,32-Bit MIPS MCU,No,32,72,256,64,0,6,9,10,0,0,Full Speed,1,3,0,0,Yes,,0,No,CTMU,None,0,None,28,28\QFN-S28\SOIC,No,Yes,12,No,,0,No
PIC32MX254F128D,PIC32MX,4.29,,32-Bit MIPS MCU,No,32,72,128,32,0,,13,10,0,0,Full Speed,1,3,0,0,Yes,,0,No,CTMU,,0,None,44,"44\QFN,44\TQFP",No,Yes,12,No,,0,No
PIC32MX350F128L,PIC32MX,4.38,,32-bit MIPS MCU,No,32,120,128,32,0,4,28,10,0,0,None,0,2,0,0,No,0,0,No,None,None,0,None,100,100\TQFP,No,Yes,12,No,0,0,No
PIC32MX550F256L,PIC32MX,4.46,,32-bit MIPS MCU,No,32,50,256,32,0,8,48,10,0,0,FS Device/Host/OTG,1,3,0,0,No,0,0,No,,CAN,1,None,100,100\TQFP,No,Yes,3,No,0,0,No
PIC32MX564F128H,PIC32MX,4.49,,32-bit MIPS MCU,No,32,80,128,32,0,4,16,10,0,0,FS Device/Host/OTG,1,2,0,0,No,0,0,No,,CAN,1,None,64,"64\QFN,64\TQFP",No,No,12,No,0,0,No
PIC32MX664F064H,PIC32MX,4.49,,32-bit MIPS MCU,No,32,80,64,16,0,4,16,10,0,0,FS Device/Host/OTG,1,2,0,0,No,0,0,No,,None,0,10/100 Base-TX Mac,64,"64\QFN,64\TQFP",No,No,12,No,0,0,No
PIC32MX274F256D,PIC32MX,4.53,,32-Bit MIPS MCU,No,32,72,256,64,0,6,13,10,0,0,Full Speed,1,3,0,0,Yes,,0,No,CTMU,,0,None,44,"44\QFN,44\TQFP",No,Yes,12,No,,0,No
PIC32MX534F064L,PIC32MX,4.55,,32-bit MIPS MCU,No,32,80,64,16,0,4,16,10,0,0,FS Device/Host/OTG,1,2,0,0,No,0,0,No,,CAN,1,None,100,"100\TQFP,121\TFBGA",No,No,12,No,0,0,No
PIC32MX320F064H,PIC32MX,4.57,,32-bit MIPS MCU,No,32,80,64,16,0,0,16,10,0,0,None,0,2,0,0,No,0,0,No,,None,0,None,64,"64\QFN,64\TQFP",No,No,12,No,0,0,No
PIC32MX420F032H,PIC32MX,4.57,,32-bit MIPS MCU,No,32,40,32,8,0,0,16,10,0,0,FS Device/Host/OTG,1,2,0,0,No,0,0,No,,None,0,None,64,"64\QFN,64\TQFP",No,No,12,No,0,0,No
PIC32MX450F128L,PIC32MX,4.57,,32-bit MIPS MCU,No,32,120,128,32,0,4,28,10,0,0,FS Device/Host/OTG,1,2,0,0,No,0,0,No,None,None,0,None,100,100\TQFP,No,Yes,12,No,0,0,No
PIC32MX664F128H,PIC32MX,4.71,,32-bit MIPS MCU,No,32,80,128,32,0,4,16,10,0,0,FS Device/Host/OTG,1,2,0,0,No,0,0,No,,None,0,10/100 Base-TX Mac,64,"64\QFN,64\TQFP",No,No,12,No,0,0,No
PIC32MX564F064L,PIC32MX,4.76,,32-bit MIPS MCU,No,32,80,64,16,0,4,16,10,0,0,FS Device/Host/OTG,1,2,0,0,No,0,0,No,,CAN,1,None,100,"100\TQFP,121\TFBGA",No,No,12,No,0,0,No
PIC32MX170F512H,PIC32MX,4.77,,32-bit MIPS MCU,No,32,50,512,64,0,4,28,10,0,0,None,0,3,0,0,No,0,0,No,,None,0,None,64,"64\QFN,64\TQFP",No,Yes,3,No,0,0,No
PIC32MX350F256H,PIC32MX,4.77,,32-bit MIPS MCU,No,32,120,256,64,0,4,28,10,0,0,None,0,2,0,0,No,0,0,No,None,None,0,None,64,64\QFN64\TQFP,No,Yes,12,No,0,0,No
PIC32MX320F128H,PIC32MX,4.85,,32-bit MIPS MCU,No,32,80,128,16,0,0,16,10,0,0,None,0,2,0,0,No,0,0,No,,None,0,None,64,"64\QFN,64\TQFP",No,No,12,No,0,0,No
PIC32MX764F128H,PIC32MX,4.85,,32-bit MIPS MCU,No,32,80,128,32,0,4,16,10,0,0,FS Device/Host/OTG,1,2,0,0,No,0,0,No,,CAN,1,10/100 Base-TX Mac,64,"64\QFN,64\TQFP",No,No,12,No,0,0,No
PIC32MX450F256H,PIC32MX,4.96,,32-bit MIPS MCU,No,32,120,256,64,0,4,28,10,0,0,FS Device/Host/OTG,1,2,0,0,No,0,0,No,None,None,0,None,64,64\QFN64\TQFP,No,Yes,12,No,0,0,No
PIC32MX270F512H,PIC32MX,4.96,,32-bit MIPS MCU,No,32,50,512,64,0,6,28,10,0,0,FS Device/Host/OTG,1,3,0,0,No,0,0,No,,None,0,None,64,"64\QFN,64\TQFP",No,Yes,3,No,0,0,No
PIC32MX564F128L,PIC32MX,4.99,,32-bit MIPS MCU,No,32,80,128,32,0,4,16,10,0,0,FS Device/Host/OTG,1,2,0,0,No,0,0,No,,CAN,1,None,100,"100\TQFP,121\TFBGA",No,No,12,No,0,0,No
PIC32MX664F064L,PIC32MX,4.99,,32-bit MIPS MCU,No,32,80,64,16,0,4,16,10,0,0,FS Device/Host/OTG,1,2,0,0,No,0,0,No,,None,0,10/100 Base-TX Mac,100,"100\TQFP,121\TFBGA",No,No,12,No,0,0,No
PIC32MX340F128H,PIC32MX,5.12,,32-bit MIPS MCU,No,32,80,128,32,0,4,16,10,0,0,None,0,2,0,0,No,0,0,No,,None,0,None,64,"64\QFN,64\TQFP",No,No,12,No,0,0,No
PIC32MX570F512H,PIC32MX,5.16,,32-bit MIPS MCU,No,32,50,512,64,0,8,28,10,0,0,FS Device/Host/OTG,1,3,0,0,No,0,0,No,,CAN,1,None,64,"64\QFN,64\TQFP",No,Yes,3,No,0,0,No
PIC32MX664F128L,PIC32MX,5.24,,32-bit MIPS MCU,No,32,80,128,32,0,4,16,10,0,0,FS Device/Host/OTG,1,2,0,0,No,0,0,No,,None,0,10/100 Base-TX Mac,100,"100\TQFP,121\TFBGA",No,No,12,No,0,0,No
PIC32MX340F256H,PIC32MX,5.27,,32-bit MIPS MCU,No,32,80,256,32,0,4,16,10,0,0,None,0,2,0,0,No,0,0,No,,None,0,None,64,"64\QFN,64\TQFP",No,No,12,No,0,0,No
PIC32MX350F256L,PIC32MX,5.34,,32-bit MIPS MCU,No,32,120,256,64,0,4,28,10,0,0,None,0,2,0,0,No,0,0,No,None,None,0,None,100,100\TQFP,No,Yes,12,No,0,0,No
PIC32MX764F128L,PIC32MX,5.39,,32-bit MIPS MCU,No,32,80,128,32,0,4,16,10,0,0,FS Device/Host/OTG,1,2,0,0,No,0,0,No,,CAN,1,10/100 Base-TX Mac,100,"100\TQFP,121\TFBGA",No,No,12,No,0,0,No
PIC32MX170F512L,PIC32MX,5.39,,32-bit MIPS MCU,No,32,50,512,64,0,4,48,10,0,0,None,0,3,0,0,No,0,0,No,,None,0,None,100,100\TQFP,No,Yes,3,No,0,0,No
PIC32MX440F128H,PIC32MX,5.46,,32-bit MIPS MCU,No,32,80,128,32,0,4,16,10,0,0,FS Device/Host/OTG,1,2,0,0,No,0,0,No,,None,0,None,64,"64\QFN,64\TQFP",No,No,12,No,0,0,No
PIC32MX340F512H,PIC32MX,5.51,,32-bit MIPS MCU,No,32,80,512,32,0,4,16,10,0,0,None,0,2,0,0,No,0,0,No,,None,0,None,64,"64\QFN,64\TQFP",No,No,12,No,0,0,No
PIC32MX450F256L,PIC32MX,5.52,,32-bit MIPS MCU,No,32,120,256,64,0,4,28,10,0,0,FS Device/Host/OTG,1,2,0,0,No,0,0,No,None,None,0,None,100,100\TQFP,No,Yes,12,No,0,0,No
PIC32MX270F512L,PIC32MX,5.58,,32-bit MIPS MCU,No,32,50,512,64,0,6,48,10,0,0,FS Device/Host/OTG,1,3,0,0,No,0,0,No,,None,0,None,100,100\TQFP,No,Yes,3,No,0,0,No
PIC32MX440F256H,PIC32MX,5.61,,32-bit MIPS MCU,No,32,80,256,32,0,4,16,10,0,0,FS Device/Host/OTG,1,2,0,0,No,0,0,No,,None,0,None,64,"64\QFN,64\TQFP",No,No,12,No,0,0,No
PIC32MX320F128L,PIC32MX,5.72,,32-bit MIPS MCU,No,32,80,128,16,0,0,16,10,0,0,None,0,2,0,0,No,0,0,No,,None,0,None,100,"100\TQFP,121\TFBGA",No,No,12,No,0,0,No
PIC32MX340F128L,PIC32MX,5.72,,32-bit MIPS MCU,No,32,80,128,32,0,4,16,10,0,0,None,0,2,0,0,No,0,0,No,,None,0,None,100,"100\TQFP,121\TFBGA",No,No,12,No,0,0,No
PIC32MX570F512L,PIC32MX,5.75,,32-bit MIPS MCU,No,32,50,512,64,0,8,48,10,0,0,FS Device/Host/OTG,1,3,0,0,No,0,0,No,,CAN,1,None,100,100\TQFP,No,Yes,3,No,0,0,No
PIC32MX440F512H,PIC32MX,5.81,,32-bit MIPS MCU,No,32,80,512,32,0,4,16,10,0,0,FS Device/Host/OTG,1,2,0,0,No,0,0,No,,None,0,None,64,"64\QFN,64\TQFP",No,No,12,No,0,0,No
PIC32MX360F256L,PIC32MX,5.86,,32-bit MIPS MCU,No,32,80,256,32,0,4,16,10,0,0,None,0,2,0,0,No,0,0,No,,None,0,None,100,"100\TQFP,121\TFBGA",No,No,12,No,0,0,No
PIC32MX370F512H,PIC32MX,5.89,,32-bit MIPS MCU,No,32,120,512,128,0,4,28,10,0,0,None,0,2,0,0,No,0,0,No,None,None,0,None,64,"64\QFN,64\TQFP",No,Yes,12,No,0,0,No
PIC32MX360F512L,PIC32MX,6.07,No,32-bit MIPS MCU,No,32,80,512,32,0,4,16,10,0,0,None,0,2,0,0,No,0,0,No,None,None,0,None,100,"100\TQFP,121\TFBGA",No,No,12,No,0,0,No
PIC32MX440F128L,PIC32MX,6.07,,32-bit MIPS MCU,No,32,80,128,32,0,4,16,10,0,0,FS Device/Host/OTG,1,2,0,0,No,0,0,No,,None,0,None,100,"100\TQFP,121\TFBGA",No,No,12,No,0,0,No
PIC32MX470F512H,PIC32MX,6.07,,32-bit MIPS MCU,No,32,120,512,128,0,4,28,10,0,0,FS Device/Host/OTG,1,2,0,0,No,0,0,No,None,None,0,None,64,"64\QFN,64\TQFP",No,Yes,12,No,0,0,No
PIC32MX460F256L,PIC32MX,6.18,,32-bit MIPS MCU,No,32,80,256,32,0,4,16,10,0,0,FS Device/Host/OTG,1,2,0,0,No,0,0,No,,None,0,None,100,"100\TQFP,121\TFBGA",No,No,12,No,0,0,No
PIC32MX460F512L,PIC32MX,6.36,,32-bit MIPS MCU,No,32,80,512,32,0,4,16,10,0,0,FS Device/Host/OTG,1,2,0,0,No,0,0,No,,None,0,None,100,"100\TQFP,121\TFBGA",No,No,12,No,0,0,No
PIC32MX370F512L,PIC32MX,6.46,,32-bit MIPS MCU,No,32,120,512,128,0,4,28,10,0,0,None,0,2,0,0,No,0,0,No,None,None,0,None,100,100\TQFP,No,Yes,12,No,0,0,No
PIC32MX470F512L,PIC32MX,6.65,,32-bit MIPS MCU,No,32,120,512,128,0,4,28,10,0,0,FS Device/Host/OTG,1,2,0,0,No,0,0,No,None,None,0,None,100,100\TQFP,No,Yes,12,No,0,0,No
PIC32MX575F256H,PIC32MX,6.74,,32-bit MIPS MCU,No,32,80,256,64,0,8,16,10,0,0,FS Device/Host/OTG,1,2,0,0,No,0,0,No,,CAN,1,None,64,"64\QFN,64\TQFP",No,No,12,No,0,0,No
PIC32MX675F256H,PIC32MX,7.05,,32-bit MIPS MCU,No,32,80,256,64,0,8,16,10,0,0,FS Device/Host/OTG,1,2,0,0,No,0,0,No,,None,0,10/100 Base-TX Mac,64,"64\QFN,64\TQFP",No,No,12,No,0,0,No
PIC32MX775F256H,PIC32MX,7.36,No,32-bit MIPS MCU,No,32,80,256,64,0,8,16,10,0,0,FS Device/Host/OTG,1,2,0,0,No,0,0,No,None,CAN,2,10/100 Base-TX Mac,64,"64\QFN,64\TQFP",No,No,12,No,0,0,No
PIC32MX575F512H,PIC32MX,7.36,,32-bit MIPS MCU,No,32,80,512,128,0,8,16,10,0,0,FS Device/Host/OTG,1,2,0,0,No,0,0,No,,CAN,1,None,64,"64\QFN,64\TQFP",No,No,12,No,0,0,No
PIC32MX575F256L,PIC32MX,7.37,,32-bit MIPS MCU,No,32,80,256,64,0,8,16,10,0,0,FS Device/Host/OTG,1,2,0,0,No,0,0,No,,CAN,1,None,100,"100\TQFP,121\TFBGA",No,No,12,No,0,0,No
PIC32MX675F512H,PIC32MX,7.69,,32-bit MIPS MCU,No,32,80,512,128,0,8,16,10,0,0,FS Device/Host/OTG,1,2,0,0,No,0,0,No,,None,0,10/100 Base-TX Mac,64,"64\QFN,64\TQFP",No,No,12,No,0,0,No
PIC32MX675F256L,PIC32MX,7.7,,32-bit MIPS MCU,No,32,80,256,64,0,8,16,10,0,0,FS Device/Host/OTG,1,2,0,0,No,0,0,No,,None,0,10/100 Base-TX Mac,100,"100\TQFP,121\TFBGA",No,No,12,No,0,0,No
PIC32MX775F512H,PIC32MX,7.98,No,32-bit MIPS MCU,No,32,80,512,128,0,8,16,10,0,0,FS Device/Host/OTG,1,2,0,0,No,0,0,No,None,CAN,2,10/100 Base-TX Mac,64,"64\QFN,64\TQFP",No,No,12,No,0,0,No
PIC32MX775F256L,PIC32MX,7.99,,32-bit MIPS MCU,No,32,80,256,64,0,8,16,10,0,0,FS Device/Host/OTG,1,2,0,0,No,0,0,No,,CAN,2,10/100 Base-TX Mac,100,"100\TQFP,121\TFBGA",No,No,12,No,0,0,No
PIC32MX575F512L,PIC32MX,7.99,,32-bit MIPS MCU,No,32,80,512,128,0,8,28,10,0,0,FS Device/Host/OTG,1,3,0,0,No,0,0,No,,CAN,1,None,100,"100\TQFP,121\TFBGA",No,Yes,3,No,0,0,No
PIC32MX695F512H,PIC32MX,8.33,,32-bit MIPS MCU,No,32,80,512,128,0,8,16,10,0,0,FS Device/Host/OTG,1,2,0,0,No,0,0,No,,None,0,10/100 Base-TX Mac,64,"64\QFN,64\TQFP",No,No,12,No,0,0,No
PIC32MX675F512L,PIC32MX,8.33,,32-bit MIPS MCU,No,32,80,512,128,0,8,16,10,0,0,FS Device/Host/OTG,1,2,0,0,No,0,0,No,,None,0,10/100 Base-TX Mac,100,"100\TQFP,121\TFBGA",No,No,12,No,0,0,No
PIC32MX795F512H,PIC32MX,8.64,,32-bit MIPS MCU,No,32,80,512,128,0,8,16,10,0,0,FS Device/Host/OTG,1,2,0,0,No,0,0,No,,CAN,2,10/100 Base-TX Mac,64,"64\QFN,64\TQFP",No,No,12,No,0,0,No
PIC32MX775F512L,PIC32MX,8.64,,32-bit MIPS MCU,No,32,80,512,128,0,8,16,10,0,0,FS Device/Host/OTG,1,2,0,0,No,0,0,No,,CAN,2,10/100 Base-TX Mac,100,"100\TQFP,121\TFBGA",No,No,12,No,0,0,No
PIC32MX695F512L,PIC32MX,8.98,,32-bit MIPS MCU,No,32,80,512,128,0,8,16,10,0,0,FS Device/Host/OTG,1,2,0,0,No,0,0,No,,None,0,10/100 Base-TX Mac,100,"100\TQFP,121\TFBGA",No,No,12,No,0,0,No
PIC32MX795F512L,PIC32MX,9.27,No,32-bit MIPS MCU,No,32,80,512,128,0,8,16,10,0,0,FS Device/Host/OTG,1,2,0,0,No,0,0,No,None,CAN,2,10/100 Base-TX Mac,100,"100\TQFP,121\TFBGA",No,No,12,No,0,0,No
